002,happy,"{'happy': 99.95, 'neutral': 0.05, 'sad': 0.0}",relaxed,2026-08-26T12:57:45
003,sad,"{'sad': 27.48, 'neutral': 27.09, 'angry': 21.13}",stressed,2026-08-26T12:59:35
004,neutral,"{'neutral': 64.84, 'happy': 25.33, 'fear': 6.71}",neutral,2026-08-26T13:00:55
004,angry,"{'angry': 99.96, 'fear': 0.04, 'sad': 0.0}",stressed,2026-08-31T17:09:26
005,angry,"{'angry': 40.92, 'sad': 34.65, 'neutral': 22.57}",stressed,2026-09-02T18:00:29
006,angry,"{'angry': 40.92, 'sad': 34.65, 'neutral': 22.57}",stressed,2026-09-09T18:36:48
007,angry,"{'angry': 40.92, 'sad': 34.65, 'neutral': 22.57}",stressed,2026-09-09T18:41:38
008,angry,"{'angry': 40.92, 'sad': 34.65, 'neutral': 22.57}",stressed,2026-09-09T18:44:21
009,neutral,"{'neutral': 73.11, 'sad': 16.37, 'happy': 3.89}",neutral,2026-09-09T18:45:03
010,surprise,"{'surprise': 78.28, 'happy': 12.87, 'fear': 7.8}",neutral,2026-09-09T19:02:11
011,sad,"{'sad': 89.82, 'fear': 8.86, 'neutral': 1.23}",stressed,2026-09-09T19:06:41
012,angry,"{'angry': 40.92, 'sad': 34.65, 'neutral': 22.57}",stressed,2026-09-09T19:07:01
013,neutral,"{'neutral': 73.11, 'sad': 16.37, 'happy': 3.89}",neutral,2026-09-09T19:07:46
014,angry,"{'angry': 40.92, 'sad': 34.65, 'neutral': 22.57}",stressed,2026-09-09T21:24:20
015,angry,"{'angry': 40.92, 'sad': 34.65, 'neutral': 22.57}",stressed,2026-09-10T09:02:25
016,angry,"{'angry': 40.92, 'sad': 34.65, 'neutral': 22.57}",stressed,2026-09-10T18:21:55
017,neutral,"{'neutral': 74.93, 'angry': 21.84, 'sad': 3.09}",neutral,2026-09-10T18:37:39
018,happy,"{'happy': 96.56, 'neutral': 3.35, 'sad': 0.06}",relaxed,2026-09-10T18:46:14
019,happy,"{'happy': 99.85, 'neutral': 0.15, 'sad': 0.0}",relaxed,2026-09-10T19:09:32
020,fear,"{'fear': 81.07, 'sad': 12.83, 'angry': 4.24}",stressed,2026-09-10T19:19:57
021,fear,"{'fear': 39.75, 'happy': 26.67, 'sad': 18.81}",stressed,2026-09-10T19:20:59
022,happy,"{'happy': 86.72, 'neutral': 12.7, 'surprise': 0.53}",relaxed,2026-09-11T11:19:06
023,angry,"{'angry': 40.92, 'sad': 34.65, 'neutral': 22.57}",stressed,2026-09-13T10:50:23
024,angry,"{'angry': 99.96, 'fear': 0.04, 'sad': 0.0}",stressed,2026-09-13T10:51:42
025,neutral,"{'neutral': 55.63, 'sad': 26.64, 'angry': 15.98}",stressed,2026-09-13T10:55:11
026,neutral,"{'neutral': 68.07, 'sad': 29.42, 'fear': 1.91}",neutral,2026-09-13T10:56:38
027,happy,"{'happy': 99.95, 'neutral': 0.05, 'sad': 0.0}",relaxed,2026-09-13T10:57:55
028,happy,"{'happy': 100.0, 'neutral': 0.0, 'sad': 0.0}",relaxed,2026-09-13T10:59:00
029,neutral,"{'neutral': 39.57, 'sad': 37.94, 'angry': 21.72}",stressed,2026-09-13T11:00:25
030,neutral,"{'neutral': 48.06, 'sad': 47.31, 'fear': 3.84}",stressed,2026-09-13T11:02:34
031,neutral,"{'neutral': 83.64, 'sad': 11.28, 'angry': 3.65}",neutral,2026-09-13T11:04:10
032,surprise,"{'surprise': 93.02, 'fear': 5.68, 'angry': 0.89}",neutral,2026-09-13T11:06:03
033,neutral,"{'neutral': 73.11, 'sad': 16.37, 'happy': 3.89}",neutral,2026-09-13T17:23:00
034,neutral,"{'neutral': 73.11, 'sad': 16.37, 'happy': 3.89}",neutral,2026-09-13T17:26:47
035,neutral,"{'neutral': 63.8, 'sad': 16.53, 'angry': 14.73}",neutral,2026-09-13T17:33:48
036,neutral,"{'neutral': 34.68, 'sad': 23.91, 'angry': 23.77}",stressed,2026-09-13T17:40:22
037,sad,"{'sad': 27.48, 'neutral': 27.09, 'angry': 21.13}",stressed,2026-09-13T17:44:21
038,happy,"{'happy': 76.14, 'neutral': 14.74, 'surprise': 5.79}",relaxed,2026-09-13T17:47:32
039,happy,"{'happy': 70.18, 'neutral': 15.14, 'surprise': 5.93}",relaxed,2026-09-13T17:53:08
040,angry,"{'angry': 40.92, 'sad': 34.65, 'neutral': 22.57}",stressed,2026-09-16T10:38:02
